CreatedAt,9/25/2020 11:45:31 AM
,testuserotp4000@dispostable.com,testuserotp4000,testuserotp4000,2000-01-01,11747,7225945573,Eurofins@2020,2
,testuserotp4001@dispostable.com,testuserotp4001,testuserotp4001,2000-01-01,11747,7341344247,Eurofins@2020,2
,testuserotp4002@dispostable.com,testuserotp4002,testuserotp4002,2000-01-01,11747,5621436029,Eurofins@2020,2
,testuserotp4003@dispostable.com,testuserotp4003,testuserotp4003,2000-01-01,11747,6407183562,Eurofins@2020,2
,testuserotp4004@dispostable.com,testuserotp4004,testuserotp4004,2000-01-01,11747,8671612608,Eurofins@2020,2
,testuserotp4005@dispostable.com,testuserotp4005,testuserotp4005,2000-01-01,11747,8245210054,Eurofins@2020,2
,testuserotp4006@dispostable.com,testuserotp4006,testuserotp4006,2000-01-01,11747,3844549035,Eurofins@2020,2
,testuserotp4007@dispostable.com,testuserotp4007,testuserotp4007,2000-01-01,11747,2575184366,Eurofins@2020,2
,testuserotp4008@dispostable.com,testuserotp4008,testuserotp4008,2000-01-01,11747,7957318313,Eurofins@2020,2
,testuserotp4009@dispostable.com,testuserotp4009,testuserotp4009,2000-01-01,11747,6627902979,Eurofins@2020,2
,testuserotp4010@dispostable.com,testuserotp4010,testuserotp4010,2000-01-01,11747,7256554385,Eurofins@2020,2
,testuserotp4011@dispostable.com,testuserotp4011,testuserotp4011,2000-01-01,11747,8350766604,Eurofins@2020,2
,testuserotp4012@dispostable.com,testuserotp4012,testuserotp4012,2000-01-01,11747,5819338224,Eurofins@2020,2
,testuserotp4013@dispostable.com,testuserotp4013,testuserotp4013,2000-01-01,11747,9662565267,Eurofins@2020,2
,testuserotp4014@dispostable.com,testuserotp4014,testuserotp4014,2000-01-01,11747,8233620679,Eurofins@2020,2
,testuserotp4015@dispostable.com,testuserotp4015,testuserotp4015,2000-01-01,11747,8804088861,Eurofins@2020,2
,testuserotp4016@dispostable.com,testuserotp4016,testuserotp4016,2000-01-01,11747,5241805758,Eurofins@2020,2
,testuserotp4017@dispostable.com,testuserotp4017,testuserotp4017,2000-01-01,11747,5707806223,Eurofins@2020,2
,testuserotp4018@dispostable.com,testuserotp4018,testuserotp4018,2000-01-01,11747,5422691456,Eurofins@2020,2
,testuserotp4019@dispostable.com,testuserotp4019,testuserotp4019,2000-01-01,11747,9600828434,Eurofins@2020,2
,testuserotp4020@dispostable.com,testuserotp4020,testuserotp4020,2000-01-01,11747,6430963897,Eurofins@2020,2
,testuserotp4021@dispostable.com,testuserotp4021,testuserotp4021,2000-01-01,11747,9622192456,Eurofins@2020,2
,testuserotp4022@dispostable.com,testuserotp4022,testuserotp4022,2000-01-01,11747,5120018260,Eurofins@2020,2
,testuserotp4023@dispostable.com,testuserotp4023,testuserotp4023,2000-01-01,11747,6821341165,Eurofins@2020,2
,testuserotp4024@dispostable.com,testuserotp4024,testuserotp4024,2000-01-01,11747,2711585535,Eurofins@2020,2
,testuserotp4025@dispostable.com,testuserotp4025,testuserotp4025,2000-01-01,11747,5743234175,Eurofins@2020,2
,testuserotp4026@dispostable.com,testuserotp4026,testuserotp4026,2000-01-01,11747,3879437894,Eurofins@2020,2
,testuserotp4027@dispostable.com,testuserotp4027,testuserotp4027,2000-01-01,11747,6306517882,Eurofins@2020,2
,testuserotp4028@dispostable.com,testuserotp4028,testuserotp4028,2000-01-01,11747,5369521113,Eurofins@2020,2
,testuserotp4029@dispostable.com,testuserotp4029,testuserotp4029,2000-01-01,11747,8764804883,Eurofins@2020,2
,testuserotp4030@dispostable.com,testuserotp4030,testuserotp4030,2000-01-01,11747,7160588521,Eurofins@2020,2
,testuserotp4031@dispostable.com,testuserotp4031,testuserotp4031,2000-01-01,11747,4846190449,Eurofins@2020,2
,testuserotp4032@dispostable.com,testuserotp4032,testuserotp4032,2000-01-01,11747,3809664428,Eurofins@2020,2
,testuserotp4033@dispostable.com,testuserotp4033,testuserotp4033,2000-01-01,11747,7639799891,Eurofins@2020,2
,testuserotp4034@dispostable.com,testuserotp4034,testuserotp4034,2000-01-01,11747,6642694215,Eurofins@2020,2
,testuserotp4035@dispostable.com,testuserotp4035,testuserotp4035,2000-01-01,11747,3896515473,Eurofins@2020,2
,testuserotp4036@dispostable.com,testuserotp4036,testuserotp4036,2000-01-01,11747,4480749828,Eurofins@2020,2
,testuserotp4037@dispostable.com,testuserotp4037,testuserotp4037,2000-01-01,11747,9297793711,Eurofins@2020,2
,testuserotp4038@dispostable.com,testuserotp4038,testuserotp4038,2000-01-01,11747,4465293780,Eurofins@2020,2
,testuserotp4039@dispostable.com,testuserotp4039,testuserotp4039,2000-01-01,11747,4483763477,Eurofins@2020,2
,testuserotp4040@dispostable.com,testuserotp4040,testuserotp4040,2000-01-01,11747,8865955666,Eurofins@2020,2
,testuserotp4041@dispostable.com,testuserotp4041,testuserotp4041,2000-01-01,11747,8840008312,Eurofins@2020,2
,testuserotp4042@dispostable.com,testuserotp4042,testuserotp4042,2000-01-01,11747,3947399474,Eurofins@2020,2
,testuserotp4043@dispostable.com,testuserotp4043,testuserotp4043,2000-01-01,11747,7225536452,Eurofins@2020,2
,testuserotp4044@dispostable.com,testuserotp4044,testuserotp4044,2000-01-01,11747,8667750186,Eurofins@2020,2
,testuserotp4045@dispostable.com,testuserotp4045,testuserotp4045,2000-01-01,11747,6147429462,Eurofins@2020,2
,testuserotp4046@dispostable.com,testuserotp4046,testuserotp4046,2000-01-01,11747,7312387497,Eurofins@2020,2
,testuserotp4047@dispostable.com,testuserotp4047,testuserotp4047,2000-01-01,11747,5304644912,Eurofins@2020,2
,testuserotp4048@dispostable.com,testuserotp4048,testuserotp4048,2000-01-01,11747,3786249871,Eurofins@2020,2
,testuserotp4049@dispostable.com,testuserotp4049,testuserotp4049,2000-01-01,11747,6864857596,Eurofins@2020,2
,testuserotp4050@dispostable.com,testuserotp4050,testuserotp4050,2000-01-01,11747,9216195062,Eurofins@2020,2
,testuserotp4051@dispostable.com,testuserotp4051,testuserotp4051,2000-01-01,11747,2773629905,Eurofins@2020,2
,testuserotp4052@dispostable.com,testuserotp4052,testuserotp4052,2000-01-01,11747,2224409262,Eurofins@2020,2
,testuserotp4053@dispostable.com,testuserotp4053,testuserotp4053,2000-01-01,11747,6985928437,Eurofins@2020,2
,testuserotp4054@dispostable.com,testuserotp4054,testuserotp4054,2000-01-01,11747,9253428505,Eurofins@2020,2
,testuserotp4055@dispostable.com,testuserotp4055,testuserotp4055,2000-01-01,11747,2342644019,Eurofins@2020,2
,testuserotp4056@dispostable.com,testuserotp4056,testuserotp4056,2000-01-01,11747,5769253259,Eurofins@2020,2
,testuserotp4057@dispostable.com,testuserotp4057,testuserotp4057,2000-01-01,11747,4672618331,Eurofins@2020,2
,testuserotp4058@dispostable.com,testuserotp4058,testuserotp4058,2000-01-01,11747,8547170845,Eurofins@2020,2
,testuserotp4059@dispostable.com,testuserotp4059,testuserotp4059,2000-01-01,11747,6798595673,Eurofins@2020,2
,testuserotp4060@dispostable.com,testuserotp4060,testuserotp4060,2000-01-01,11747,5730744181,Eurofins@2020,2
,testuserotp4061@dispostable.com,testuserotp4061,testuserotp4061,2000-01-01,11747,8838135343,Eurofins@2020,2
,testuserotp4062@dispostable.com,testuserotp4062,testuserotp4062,2000-01-01,11747,9874838930,Eurofins@2020,2
,testuserotp4063@dispostable.com,testuserotp4063,testuserotp4063,2000-01-01,11747,4401448170,Eurofins@2020,2
,testuserotp4064@dispostable.com,testuserotp4064,testuserotp4064,2000-01-01,11747,3872503582,Eurofins@2020,2
,testuserotp4065@dispostable.com,testuserotp4065,testuserotp4065,2000-01-01,11747,2747143459,Eurofins@2020,2
,testuserotp4066@dispostable.com,testuserotp4066,testuserotp4066,2000-01-01,11747,9506562226,Eurofins@2020,2
,testuserotp4067@dispostable.com,testuserotp4067,testuserotp4067,2000-01-01,11747,8454344349,Eurofins@2020,2
,testuserotp4068@dispostable.com,testuserotp4068,testuserotp4068,2000-01-01,11747,9415305414,Eurofins@2020,2
,testuserotp4069@dispostable.com,testuserotp4069,testuserotp4069,2000-01-01,11747,3491429347,Eurofins@2020,2
,testuserotp4070@dispostable.com,testuserotp4070,testuserotp4070,2000-01-01,11747,7661471450,Eurofins@2020,2
,testuserotp4071@dispostable.com,testuserotp4071,testuserotp4071,2000-01-01,11747,9389593867,Eurofins@2020,2
,testuserotp4072@dispostable.com,testuserotp4072,testuserotp4072,2000-01-01,11747,8452538857,Eurofins@2020,2
,testuserotp4073@dispostable.com,testuserotp4073,testuserotp4073,2000-01-01,11747,7368995509,Eurofins@2020,2
,testuserotp4074@dispostable.com,testuserotp4074,testuserotp4074,2000-01-01,11747,7910738496,Eurofins@2020,2
,testuserotp4075@dispostable.com,testuserotp4075,testuserotp4075,2000-01-01,11747,4999983131,Eurofins@2020,2
,testuserotp4076@dispostable.com,testuserotp4076,testuserotp4076,2000-01-01,11747,9861444064,Eurofins@2020,2
,testuserotp4077@dispostable.com,testuserotp4077,testuserotp4077,2000-01-01,11747,8764809135,Eurofins@2020,2
,testuserotp4078@dispostable.com,testuserotp4078,testuserotp4078,2000-01-01,11747,4102996779,Eurofins@2020,2
,testuserotp4079@dispostable.com,testuserotp4079,testuserotp4079,2000-01-01,11747,5223596004,Eurofins@2020,2
,testuserotp4080@dispostable.com,testuserotp4080,testuserotp4080,2000-01-01,11747,6825389657,Eurofins@2020,2
,testuserotp4081@dispostable.com,testuserotp4081,testuserotp4081,2000-01-01,11747,2684308556,Eurofins@2020,2
,testuserotp4082@dispostable.com,testuserotp4082,testuserotp4082,2000-01-01,11747,8572040013,Eurofins@2020,2
,testuserotp4083@dispostable.com,testuserotp4083,testuserotp4083,2000-01-01,11747,4619264026,Eurofins@2020,2
,testuserotp4084@dispostable.com,testuserotp4084,testuserotp4084,2000-01-01,11747,6318661249,Eurofins@2020,2
,testuserotp4085@dispostable.com,testuserotp4085,testuserotp4085,2000-01-01,11747,2334559792,Eurofins@2020,2
,testuserotp4086@dispostable.com,testuserotp4086,testuserotp4086,2000-01-01,11747,5761169032,Eurofins@2020,2
,testuserotp4087@dispostable.com,testuserotp4087,testuserotp4087,2000-01-01,11747,9999356675,Eurofins@2020,2
,testuserotp4088@dispostable.com,testuserotp4088,testuserotp4088,2000-01-01,11747,8162359907,Eurofins@2020,2
,testuserotp4089@dispostable.com,testuserotp4089,testuserotp4089,2000-01-01,11747,9895066524,Eurofins@2020,2
,testuserotp4090@dispostable.com,testuserotp4090,testuserotp4090,2000-01-01,11747,4322146512,Eurofins@2020,2
,testuserotp4091@dispostable.com,testuserotp4091,testuserotp4091,2000-01-01,11747,8958305563,Eurofins@2020,2
,testuserotp4092@dispostable.com,testuserotp4092,testuserotp4092,2000-01-01,11747,3908600599,Eurofins@2020,2
,testuserotp4093@dispostable.com,testuserotp4093,testuserotp4093,2000-01-01,11747,3419547104,Eurofins@2020,2
,testuserotp4094@dispostable.com,testuserotp4094,testuserotp4094,2000-01-01,11747,5178994992,Eurofins@2020,2
,testuserotp4095@dispostable.com,testuserotp4095,testuserotp4095,2000-01-01,11747,9940514167,Eurofins@2020,2
,testuserotp4096@dispostable.com,testuserotp4096,testuserotp4096,2000-01-01,11747,3537781861,Eurofins@2020,2
,testuserotp4097@dispostable.com,testuserotp4097,testuserotp4097,2000-01-01,11747,7179553969,Eurofins@2020,2
,testuserotp4098@dispostable.com,testuserotp4098,testuserotp4098,2000-01-01,11747,7258132573,Eurofins@2020,2
,testuserotp4099@dispostable.com,testuserotp4099,testuserotp4099,2000-01-01,11747,2349890121,Eurofins@2020,2
,testuserotp4100@dispostable.com,testuserotp4100,testuserotp4100,2000-01-01,11747,3470431105,Eurofins@2020,2
,testuserotp4101@dispostable.com,testuserotp4101,testuserotp4101,2000-01-01,11747,8679893553,Eurofins@2020,2
,testuserotp4102@dispostable.com,testuserotp4102,testuserotp4102,2000-01-01,11747,4321665661,Eurofins@2020,2
,testuserotp4103@dispostable.com,testuserotp4103,testuserotp4103,2000-01-01,11747,3981026187,Eurofins@2020,2
,testuserotp4104@dispostable.com,testuserotp4104,testuserotp4104,2000-01-01,11747,7607164680,Eurofins@2020,2
,testuserotp4105@dispostable.com,testuserotp4105,testuserotp4105,2000-01-01,11747,7149378414,Eurofins@2020,2
,testuserotp4106@dispostable.com,testuserotp4106,testuserotp4106,2000-01-01,11747,7340636093,Eurofins@2020,2
,testuserotp4107@dispostable.com,testuserotp4107,testuserotp4107,2000-01-01,11747,3170771556,Eurofins@2020,2
,testuserotp4108@dispostable.com,testuserotp4108,testuserotp4108,2000-01-01,11747,4947895225,Eurofins@2020,2
,testuserotp4109@dispostable.com,testuserotp4109,testuserotp4109,2000-01-01,11747,7982085899,Eurofins@2020,2
,testuserotp4110@dispostable.com,testuserotp4110,testuserotp4110,2000-01-01,11747,7176356359,Eurofins@2020,2
,testuserotp4111@dispostable.com,testuserotp4111,testuserotp4111,2000-01-01,11747,7618628335,Eurofins@2020,2
,testuserotp4112@dispostable.com,testuserotp4112,testuserotp4112,2000-01-01,11747,8171537220,Eurofins@2020,2
,testuserotp4113@dispostable.com,testuserotp4113,testuserotp4113,2000-01-01,11747,4409724863,Eurofins@2020,2
,testuserotp4114@dispostable.com,testuserotp4114,testuserotp4114,2000-01-01,11747,8904479644,Eurofins@2020,2
,testuserotp4115@dispostable.com,testuserotp4115,testuserotp4115,2000-01-01,11747,8635056733,Eurofins@2020,2
,testuserotp4116@dispostable.com,testuserotp4116,testuserotp4116,2000-01-01,11747,7127769349,Eurofins@2020,2
,testuserotp4117@dispostable.com,testuserotp4117,testuserotp4117,2000-01-01,11747,2491669406,Eurofins@2020,2
,testuserotp4118@dispostable.com,testuserotp4118,testuserotp4118,2000-01-01,11747,9319291956,Eurofins@2020,2
,testuserotp4119@dispostable.com,testuserotp4119,testuserotp4119,2000-01-01,11747,2541758623,Eurofins@2020,2
,testuserotp4120@dispostable.com,testuserotp4120,testuserotp4120,2000-01-01,11747,7850692083,Eurofins@2020,2
,testuserotp4121@dispostable.com,testuserotp4121,testuserotp4121,2000-01-01,11747,8827345004,Eurofins@2020,2
,testuserotp4122@dispostable.com,testuserotp4122,testuserotp4122,2000-01-01,11747,4733222989,Eurofins@2020,2
,testuserotp4123@dispostable.com,testuserotp4123,testuserotp4123,2000-01-01,11747,4435133125,Eurofins@2020,2
,testuserotp4124@dispostable.com,testuserotp4124,testuserotp4124,2000-01-01,11747,2806717525,Eurofins@2020,2
,testuserotp4125@dispostable.com,testuserotp4125,testuserotp4125,2000-01-01,11747,6432856019,Eurofins@2020,2
,testuserotp4126@dispostable.com,testuserotp4126,testuserotp4126,2000-01-01,11747,4917003012,Eurofins@2020,2
,testuserotp4127@dispostable.com,testuserotp4127,testuserotp4127,2000-01-01,11747,4982548277,Eurofins@2020,2
,testuserotp4128@dispostable.com,testuserotp4128,testuserotp4128,2000-01-01,11747,7234356490,Eurofins@2020,2
,testuserotp4129@dispostable.com,testuserotp4129,testuserotp4129,2000-01-01,11747,3441218663,Eurofins@2020,2
,testuserotp4130@dispostable.com,testuserotp4130,testuserotp4130,2000-01-01,11747,7839044467,Eurofins@2020,2
,testuserotp4131@dispostable.com,testuserotp4131,testuserotp4131,2000-01-01,11747,9582858740,Eurofins@2020,2
,testuserotp4132@dispostable.com,testuserotp4132,testuserotp4132,2000-01-01,11747,6716462184,Eurofins@2020,2
,testuserotp4133@dispostable.com,testuserotp4133,testuserotp4133,2000-01-01,11747,6983462385,Eurofins@2020,2
,testuserotp4134@dispostable.com,testuserotp4134,testuserotp4134,2000-01-01,11747,9842439526,Eurofins@2020,2
,testuserotp4135@dispostable.com,testuserotp4135,testuserotp4135,2000-01-01,11747,3646304465,Eurofins@2020,2
,testuserotp4136@dispostable.com,testuserotp4136,testuserotp4136,2000-01-01,11747,8826983477,Eurofins@2020,2
,testuserotp4137@dispostable.com,testuserotp4137,testuserotp4137,2000-01-01,11747,4717227847,Eurofins@2020,2
,testuserotp4138@dispostable.com,testuserotp4138,testuserotp4138,2000-01-01,11747,9474162823,Eurofins@2020,2
,testuserotp4139@dispostable.com,testuserotp4139,testuserotp4139,2000-01-01,11747,5824971300,Eurofins@2020,2
,testuserotp4140@dispostable.com,testuserotp4140,testuserotp4140,2000-01-01,11747,3218096420,Eurofins@2020,2
,testuserotp4141@dispostable.com,testuserotp4141,testuserotp4141,2000-01-01,11747,7660397517,Eurofins@2020,2
,testuserotp4142@dispostable.com,testuserotp4142,testuserotp4142,2000-01-01,11747,8113777149,Eurofins@2020,2
,testuserotp4143@dispostable.com,testuserotp4143,testuserotp4143,2000-01-01,11747,4987800674,Eurofins@2020,2
,testuserotp4144@dispostable.com,testuserotp4144,testuserotp4144,2000-01-01,11747,7687139655,Eurofins@2020,2
,testuserotp4145@dispostable.com,testuserotp4145,testuserotp4145,2000-01-01,11747,7721359450,Eurofins@2020,2
,testuserotp4146@dispostable.com,testuserotp4146,testuserotp4146,2000-01-01,11747,9480807338,Eurofins@2020,2
,testuserotp4147@dispostable.com,testuserotp4147,testuserotp4147,2000-01-01,11747,2658915195,Eurofins@2020,2
,testuserotp4148@dispostable.com,testuserotp4148,testuserotp4148,2000-01-01,11747,7536009743,Eurofins@2020,2
,testuserotp4149@dispostable.com,testuserotp4149,testuserotp4149,2000-01-01,11747,7554537682,Eurofins@2020,2
,testuserotp4150@dispostable.com,testuserotp4150,testuserotp4150,2000-01-01,11747,2489199103,Eurofins@2020,2
,testuserotp4151@dispostable.com,testuserotp4151,testuserotp4151,2000-01-01,11747,7290551129,Eurofins@2020,2
,testuserotp4152@dispostable.com,testuserotp4152,testuserotp4152,2000-01-01,11747,4392829102,Eurofins@2020,2
,testuserotp4153@dispostable.com,testuserotp4153,testuserotp4153,2000-01-01,11747,4382573604,Eurofins@2020,2
,testuserotp4154@dispostable.com,testuserotp4154,testuserotp4154,2000-01-01,11747,9892962000,Eurofins@2020,2
,testuserotp4155@dispostable.com,testuserotp4155,testuserotp4155,2000-01-01,11747,8372583035,Eurofins@2020,2
,testuserotp4156@dispostable.com,testuserotp4156,testuserotp4156,2000-01-01,11747,8278431898,Eurofins@2020,2
,testuserotp4157@dispostable.com,testuserotp4157,testuserotp4157,2000-01-01,11747,4893404494,Eurofins@2020,2
,testuserotp4158@dispostable.com,testuserotp4158,testuserotp4158,2000-01-01,11747,5114003719,Eurofins@2020,2
,testuserotp4159@dispostable.com,testuserotp4159,testuserotp4159,2000-01-01,11747,3833531394,Eurofins@2020,2
,testuserotp4160@dispostable.com,testuserotp4160,testuserotp4160,2000-01-01,11747,3111697493,Eurofins@2020,2
,testuserotp4161@dispostable.com,testuserotp4161,testuserotp4161,2000-01-01,11747,8132738345,Eurofins@2020,2
,testuserotp4162@dispostable.com,testuserotp4162,testuserotp4162,2000-01-01,11747,3820911428,Eurofins@2020,2
,testuserotp4163@dispostable.com,testuserotp4163,testuserotp4163,2000-01-01,11747,8562154547,Eurofins@2020,2
,testuserotp4164@dispostable.com,testuserotp4164,testuserotp4164,2000-01-01,11747,3201384621,Eurofins@2020,2
,testuserotp4165@dispostable.com,testuserotp4165,testuserotp4165,2000-01-01,11747,9209275650,Eurofins@2020,2
,testuserotp4166@dispostable.com,testuserotp4166,testuserotp4166,2000-01-01,11747,5491938587,Eurofins@2020,2
,testuserotp4167@dispostable.com,testuserotp4167,testuserotp4167,2000-01-01,11747,7583696134,Eurofins@2020,2
,testuserotp4168@dispostable.com,testuserotp4168,testuserotp4168,2000-01-01,11747,2819399985,Eurofins@2020,2
,testuserotp4169@dispostable.com,testuserotp4169,testuserotp4169,2000-01-01,11747,4403576099,Eurofins@2020,2
,testuserotp4170@dispostable.com,testuserotp4170,testuserotp4170,2000-01-01,11747,6495333646,Eurofins@2020,2
,testuserotp4171@dispostable.com,testuserotp4171,testuserotp4171,2000-01-01,11747,7660349923,Eurofins@2020,2
,testuserotp4172@dispostable.com,testuserotp4172,testuserotp4172,2000-01-01,11747,7231347094,Eurofins@2020,2
,testuserotp4173@dispostable.com,testuserotp4173,testuserotp4173,2000-01-01,11747,8192308159,Eurofins@2020,2
,testuserotp4174@dispostable.com,testuserotp4174,testuserotp4174,2000-01-01,11747,6705238589,Eurofins@2020,2
,testuserotp4175@dispostable.com,testuserotp4175,testuserotp4175,2000-01-01,11747,3969754997,Eurofins@2020,2
,testuserotp4176@dispostable.com,testuserotp4176,testuserotp4176,2000-01-01,11747,9438739123,Eurofins@2020,2
,testuserotp4177@dispostable.com,testuserotp4177,testuserotp4177,2000-01-01,11747,2164319507,Eurofins@2020,2
,testuserotp4178@dispostable.com,testuserotp4178,testuserotp4178,2000-01-01,11747,4200964852,Eurofins@2020,2
,testuserotp4179@dispostable.com,testuserotp4179,testuserotp4179,2000-01-01,11747,9813482776,Eurofins@2020,2
,testuserotp4180@dispostable.com,testuserotp4180,testuserotp4180,2000-01-01,11747,2530968285,Eurofins@2020,2
,testuserotp4181@dispostable.com,testuserotp4181,testuserotp4181,2000-01-01,11747,9371624173,Eurofins@2020,2
,testuserotp4182@dispostable.com,testuserotp4182,testuserotp4182,2000-01-01,11747,2159855498,Eurofins@2020,2
,testuserotp4183@dispostable.com,testuserotp4183,testuserotp4183,2000-01-01,11747,8628427118,Eurofins@2020,2
,testuserotp4184@dispostable.com,testuserotp4184,testuserotp4184,2000-01-01,11747,7183732433,Eurofins@2020,2
,testuserotp4185@dispostable.com,testuserotp4185,testuserotp4185,2000-01-01,11747,7725533661,Eurofins@2020,2
,testuserotp4186@dispostable.com,testuserotp4186,testuserotp4186,2000-01-01,11747,5746574513,Eurofins@2020,2
,testuserotp4187@dispostable.com,testuserotp4187,testuserotp4187,2000-01-01,11747,3519084861,Eurofins@2020,2
,testuserotp4188@dispostable.com,testuserotp4188,testuserotp4188,2000-01-01,11747,3506229088,Eurofins@2020,2
,testuserotp4189@dispostable.com,testuserotp4189,testuserotp4189,2000-01-01,11747,9349543494,Eurofins@2020,2
,testuserotp4190@dispostable.com,testuserotp4190,testuserotp4190,2000-01-01,11747,9836232520,Eurofins@2020,2
,testuserotp4191@dispostable.com,testuserotp4191,testuserotp4191,2000-01-01,11747,3595738650,Eurofins@2020,2
,testuserotp4192@dispostable.com,testuserotp4192,testuserotp4192,2000-01-01,11747,5383969975,Eurofins@2020,2
,testuserotp4193@dispostable.com,testuserotp4193,testuserotp4193,2000-01-01,11747,9161593511,Eurofins@2020,2
,testuserotp4194@dispostable.com,testuserotp4194,testuserotp4194,2000-01-01,11747,5135617037,Eurofins@2020,2
,testuserotp4195@dispostable.com,testuserotp4195,testuserotp4195,2000-01-01,11747,2836969063,Eurofins@2020,2
,testuserotp4196@dispostable.com,testuserotp4196,testuserotp4196,2000-01-01,11747,7714121852,Eurofins@2020,2
,testuserotp4197@dispostable.com,testuserotp4197,testuserotp4197,2000-01-01,11747,7863504515,Eurofins@2020,2
,testuserotp4198@dispostable.com,testuserotp4198,testuserotp4198,2000-01-01,11747,5887087400,Eurofins@2020,2
,testuserotp4199@dispostable.com,testuserotp4199,testuserotp4199,2000-01-01,11747,4675289604,Eurofins@2020,2
,testuserotp4200@dispostable.com,testuserotp4200,testuserotp4200,2000-01-01,11747,3929198225,Eurofins@2020,2
,testuserotp4201@dispostable.com,testuserotp4201,testuserotp4201,2000-01-01,11747,3803838101,Eurofins@2020,2
,testuserotp4202@dispostable.com,testuserotp4202,testuserotp4202,2000-01-01,11747,2474364525,Eurofins@2020,2
,testuserotp4203@dispostable.com,testuserotp4203,testuserotp4203,2000-01-01,11747,9738822692,Eurofins@2020,2
,testuserotp4204@dispostable.com,testuserotp4204,testuserotp4204,2000-01-01,11747,4137119243,Eurofins@2020,2
,testuserotp4205@dispostable.com,testuserotp4205,testuserotp4205,2000-01-01,11747,9242055733,Eurofins@2020,2
,testuserotp4206@dispostable.com,testuserotp4206,testuserotp4206,2000-01-01,11747,4613611013,Eurofins@2020,2
,testuserotp4207@dispostable.com,testuserotp4207,testuserotp4207,2000-01-01,11747,2122015484,Eurofins@2020,2
,testuserotp4208@dispostable.com,testuserotp4208,testuserotp4208,2000-01-01,11747,9389015685,Eurofins@2020,2
,testuserotp4209@dispostable.com,testuserotp4209,testuserotp4209,2000-01-01,11747,3365610365,Eurofins@2020,2
,testuserotp4210@dispostable.com,testuserotp4210,testuserotp4210,2000-01-01,11747,3876027882,Eurofins@2020,2
,testuserotp4211@dispostable.com,testuserotp4211,testuserotp4211,2000-01-01,11747,2999140020,Eurofins@2020,2
,testuserotp4212@dispostable.com,testuserotp4212,testuserotp4212,2000-01-01,11747,9858029799,Eurofins@2020,2
,testuserotp4213@dispostable.com,testuserotp4213,testuserotp4213,2000-01-01,11747,7991633243,Eurofins@2020,2
,testuserotp4214@dispostable.com,testuserotp4214,testuserotp4214,2000-01-01,11747,9227807841,Eurofins@2020,2
,testuserotp4215@dispostable.com,testuserotp4215,testuserotp4215,2000-01-01,11747,2188827148,Eurofins@2020,2
,testuserotp4216@dispostable.com,testuserotp4216,testuserotp4216,2000-01-01,11747,3701786699,Eurofins@2020,2
,testuserotp4217@dispostable.com,testuserotp4217,testuserotp4217,2000-01-01,11747,2869257647,Eurofins@2020,2
,testuserotp4218@dispostable.com,testuserotp4218,testuserotp4218,2000-01-01,11747,4296395876,Eurofins@2020,2
,testuserotp4219@dispostable.com,testuserotp4219,testuserotp4219,2000-01-01,11747,5286140378,Eurofins@2020,2
,testuserotp4220@dispostable.com,testuserotp4220,testuserotp4220,2000-01-01,11747,4697086883,Eurofins@2020,2
,testuserotp4221@dispostable.com,testuserotp4221,testuserotp4221,2000-01-01,11747,5150466515,Eurofins@2020,2
,testuserotp4222@dispostable.com,testuserotp4222,testuserotp4222,2000-01-01,11747,2995764845,Eurofins@2020,2
,testuserotp4223@dispostable.com,testuserotp4223,testuserotp4223,2000-01-01,11747,4624358010,Eurofins@2020,2
,testuserotp4224@dispostable.com,testuserotp4224,testuserotp4224,2000-01-01,11747,2192813147,Eurofins@2020,2
,testuserotp4225@dispostable.com,testuserotp4225,testuserotp4225,2000-01-01,11747,2546251020,Eurofins@2020,2
,testuserotp4226@dispostable.com,testuserotp4226,testuserotp4226,2000-01-01,11747,4159210570,Eurofins@2020,2
,testuserotp4227@dispostable.com,testuserotp4227,testuserotp4227,2000-01-01,11747,6295385169,Eurofins@2020,2
,testuserotp4228@dispostable.com,testuserotp4228,testuserotp4228,2000-01-01,11747,3256317113,Eurofins@2020,2
,testuserotp4229@dispostable.com,testuserotp4229,testuserotp4229,2000-01-01,11747,9709138636,Eurofins@2020,2
,testuserotp4230@dispostable.com,testuserotp4230,testuserotp4230,2000-01-01,11747,4816529797,Eurofins@2020,2
,testuserotp4231@dispostable.com,testuserotp4231,testuserotp4231,2000-01-01,11747,4487114463,Eurofins@2020,2
,testuserotp4232@dispostable.com,testuserotp4232,testuserotp4232,2000-01-01,11747,9364209010,Eurofins@2020,2
,testuserotp4233@dispostable.com,testuserotp4233,testuserotp4233,2000-01-01,11747,3516075465,Eurofins@2020,2
,testuserotp4234@dispostable.com,testuserotp4234,testuserotp4234,2000-01-01,11747,6503248812,Eurofins@2020,2
,testuserotp4235@dispostable.com,testuserotp4235,testuserotp4235,2000-01-01,11747,3840965709,Eurofins@2020,2
,testuserotp4236@dispostable.com,testuserotp4236,testuserotp4236,2000-01-01,11747,5817560389,Eurofins@2020,2
,testuserotp4237@dispostable.com,testuserotp4237,testuserotp4237,2000-01-01,11747,8155806274,Eurofins@2020,2
,testuserotp4238@dispostable.com,testuserotp4238,testuserotp4238,2000-01-01,11747,5333885011,Eurofins@2020,2
,testuserotp4239@dispostable.com,testuserotp4239,testuserotp4239,2000-01-01,11747,7174570020,Eurofins@2020,2
,testuserotp4240@dispostable.com,testuserotp4240,testuserotp4240,2000-01-01,11747,2425907486,Eurofins@2020,2
,testuserotp4241@dispostable.com,testuserotp4241,testuserotp4241,2000-01-01,11747,2836795749,Eurofins@2020,2
,testuserotp4242@dispostable.com,testuserotp4242,testuserotp4242,2000-01-01,11747,5203825071,Eurofins@2020,2
,testuserotp4243@dispostable.com,testuserotp4243,testuserotp4243,2000-01-01,11747,9614742456,Eurofins@2020,2
,testuserotp4244@dispostable.com,testuserotp4244,testuserotp4244,2000-01-01,11747,8473690476,Eurofins@2020,2
,testuserotp4245@dispostable.com,testuserotp4245,testuserotp4245,2000-01-01,11747,4303825939,Eurofins@2020,2
,testuserotp4246@dispostable.com,testuserotp4246,testuserotp4246,2000-01-01,11747,2408645946,Eurofins@2020,2
,testuserotp4247@dispostable.com,testuserotp4247,testuserotp4247,2000-01-01,11747,3822076243,Eurofins@2020,2
,testuserotp4248@dispostable.com,testuserotp4248,testuserotp4248,2000-01-01,11747,9754282993,Eurofins@2020,2
,testuserotp4249@dispostable.com,testuserotp4249,testuserotp4249,2000-01-01,11747,7194483682,Eurofins@2020,2
,testuserotp4250@dispostable.com,testuserotp4250,testuserotp4250,2000-01-01,11747,6477175739,Eurofins@2020,2
,testuserotp4251@dispostable.com,testuserotp4251,testuserotp4251,2000-01-01,11747,5396232666,Eurofins@2020,2
,testuserotp4252@dispostable.com,testuserotp4252,testuserotp4252,2000-01-01,11747,4663291109,Eurofins@2020,2
,testuserotp4253@dispostable.com,testuserotp4253,testuserotp4253,2000-01-01,11747,7378263704,Eurofins@2020,2
,testuserotp4254@dispostable.com,testuserotp4254,testuserotp4254,2000-01-01,11747,8339224770,Eurofins@2020,2
,testuserotp4255@dispostable.com,testuserotp4255,testuserotp4255,2000-01-01,11747,6171902267,Eurofins@2020,2
,testuserotp4256@dispostable.com,testuserotp4256,testuserotp4256,2000-01-01,11747,3261088659,Eurofins@2020,2
,testuserotp4257@dispostable.com,testuserotp4257,testuserotp4257,2000-01-01,11747,7543751596,Eurofins@2020,2
,testuserotp4258@dispostable.com,testuserotp4258,testuserotp4258,2000-01-01,11747,4868318670,Eurofins@2020,2
,testuserotp4259@dispostable.com,testuserotp4259,testuserotp4259,2000-01-01,11747,7580749232,Eurofins@2020,2
,testuserotp4260@dispostable.com,testuserotp4260,testuserotp4260,2000-01-01,11747,6787640525,Eurofins@2020,2
,testuserotp4261@dispostable.com,testuserotp4261,testuserotp4261,2000-01-01,11747,4183482405,Eurofins@2020,2
,testuserotp4262@dispostable.com,testuserotp4262,testuserotp4262,2000-01-01,11747,6840330017,Eurofins@2020,2
,testuserotp4263@dispostable.com,testuserotp4263,testuserotp4263,2000-01-01,11747,5395693574,Eurofins@2020,2
,testuserotp4264@dispostable.com,testuserotp4264,testuserotp4264,2000-01-01,11747,7879927929,Eurofins@2020,2
,testuserotp4265@dispostable.com,testuserotp4265,testuserotp4265,2000-01-01,11747,3610534139,Eurofins@2020,2
,testuserotp4266@dispostable.com,testuserotp4266,testuserotp4266,2000-01-01,11747,7976976230,Eurofins@2020,2
,testuserotp4267@dispostable.com,testuserotp4267,testuserotp4267,2000-01-01,11747,3255113208,Eurofins@2020,2
,testuserotp4268@dispostable.com,testuserotp4268,testuserotp4268,2000-01-01,11747,5375595951,Eurofins@2020,2
,testuserotp4269@dispostable.com,testuserotp4269,testuserotp4269,2000-01-01,11747,7323465436,Eurofins@2020,2
,testuserotp4270@dispostable.com,testuserotp4270,testuserotp4270,2000-01-01,11747,2982913324,Eurofins@2020,2
,testuserotp4271@dispostable.com,testuserotp4271,testuserotp4271,2000-01-01,11747,5757994827,Eurofins@2020,2
,testuserotp4272@dispostable.com,testuserotp4272,testuserotp4272,2000-01-01,11747,3674451478,Eurofins@2020,2
,testuserotp4273@dispostable.com,testuserotp4273,testuserotp4273,2000-01-01,11747,6533370378,Eurofins@2020,2
,testuserotp4274@dispostable.com,testuserotp4274,testuserotp4274,2000-01-01,11747,5172629573,Eurofins@2020,2
,testuserotp4275@dispostable.com,testuserotp4275,testuserotp4275,2000-01-01,11747,5818898518,Eurofins@2020,2
,testuserotp4276@dispostable.com,testuserotp4276,testuserotp4276,2000-01-01,11747,5473791327,Eurofins@2020,2
,testuserotp4277@dispostable.com,testuserotp4277,testuserotp4277,2000-01-01,11747,9620544593,Eurofins@2020,2
,testuserotp4278@dispostable.com,testuserotp4278,testuserotp4278,2000-01-01,11747,9194142039,Eurofins@2020,2
,testuserotp4279@dispostable.com,testuserotp4279,testuserotp4279,2000-01-01,11747,2183828300,Eurofins@2020,2
,testuserotp4280@dispostable.com,testuserotp4280,testuserotp4280,2000-01-01,11747,5435165765,Eurofins@2020,2
,testuserotp4281@dispostable.com,testuserotp4281,testuserotp4281,2000-01-01,11747,7715344909,Eurofins@2020,2
,testuserotp4282@dispostable.com,testuserotp4282,testuserotp4282,2000-01-01,11747,9142483138,Eurofins@2020,2
,testuserotp4283@dispostable.com,testuserotp4283,testuserotp4283,2000-01-01,11747,2464479058,Eurofins@2020,2
,testuserotp4284@dispostable.com,testuserotp4284,testuserotp4284,2000-01-01,11747,3297185676,Eurofins@2020,2
,testuserotp4286@dispostable.com,testuserotp4286,testuserotp4286,2000-01-01,11747,6451290879,Eurofins@2020,2
,testuserotp4287@dispostable.com,testuserotp4287,testuserotp4287,2000-01-01,11747,9307609503,Eurofins@2020,2
,testuserotp4288@dispostable.com,testuserotp4288,testuserotp4288,2000-01-01,11747,8307845310,Eurofins@2020,2
,testuserotp4289@dispostable.com,testuserotp4289,testuserotp4289,2000-01-01,11747,6760666832,Eurofins@2020,2
,testuserotp4290@dispostable.com,testuserotp4290,testuserotp4290,2000-01-01,11747,9444313957,Eurofins@2020,2
,testuserotp4291@dispostable.com,testuserotp4291,testuserotp4291,2000-01-01,11747,3944181927,Eurofins@2020,2
,testuserotp4292@dispostable.com,testuserotp4292,testuserotp4292,2000-01-01,11747,2455128432,Eurofins@2020,2
,testuserotp4293@dispostable.com,testuserotp4293,testuserotp4293,2000-01-01,11747,4196342430,Eurofins@2020,2
,testuserotp4294@dispostable.com,testuserotp4294,testuserotp4294,2000-01-01,11747,9973436978,Eurofins@2020,2
,testuserotp4295@dispostable.com,testuserotp4295,testuserotp4295,2000-01-01,11747,8845476579,Eurofins@2020,2
,testuserotp4296@dispostable.com,testuserotp4296,testuserotp4296,2000-01-01,11747,5746299617,Eurofins@2020,2
,testuserotp4297@dispostable.com,testuserotp4297,testuserotp4297,2000-01-01,11747,4414284006,Eurofins@2020,2
,testuserotp4298@dispostable.com,testuserotp4298,testuserotp4298,2000-01-01,11747,5131769515,Eurofins@2020,2
,testuserotp4299@dispostable.com,testuserotp4299,testuserotp4299,2000-01-01,11747,9265489442,Eurofins@2020,2
,testuserotp4300@dispostable.com,testuserotp4300,testuserotp4300,2000-01-01,11747,2982504203,Eurofins@2020,2
,testuserotp4301@dispostable.com,testuserotp4301,testuserotp4301,2000-01-01,11747,3859569630,Eurofins@2020,2
,testuserotp4302@dispostable.com,testuserotp4302,testuserotp4302,2000-01-01,11747,9632196461,Eurofins@2020,2
,testuserotp4303@dispostable.com,testuserotp4303,testuserotp4303,2000-01-01,11747,2509261888,Eurofins@2020,2
,testuserotp4304@dispostable.com,testuserotp4304,testuserotp4304,2000-01-01,11747,5556602385,Eurofins@2020,2
,testuserotp4305@dispostable.com,testuserotp4305,testuserotp4305,2000-01-01,11747,9781698448,Eurofins@2020,2
,testuserotp4306@dispostable.com,testuserotp4306,testuserotp4306,2000-01-01,11747,2643188502,Eurofins@2020,2
,testuserotp4307@dispostable.com,testuserotp4307,testuserotp4307,2000-01-01,11747,6533432872,Eurofins@2020,2
,testuserotp4308@dispostable.com,testuserotp4308,testuserotp4308,2000-01-01,11747,4813582895,Eurofins@2020,2
,testuserotp4309@dispostable.com,testuserotp4309,testuserotp4309,2000-01-01,11747,8455296761,Eurofins@2020,2
,testuserotp4310@dispostable.com,testuserotp4310,testuserotp4310,2000-01-01,11747,8426807373,Eurofins@2020,2
,testuserotp4311@dispostable.com,testuserotp4311,testuserotp4311,2000-01-01,11747,3722561890,Eurofins@2020,2
,testuserotp4312@dispostable.com,testuserotp4312,testuserotp4312,2000-01-01,11747,3220358573,Eurofins@2020,2
,testuserotp4313@dispostable.com,testuserotp4313,testuserotp4313,2000-01-01,11747,3921797962,Eurofins@2020,2
,testuserotp4314@dispostable.com,testuserotp4314,testuserotp4314,2000-01-01,11747,3971651371,Eurofins@2020,2
,testuserotp4315@dispostable.com,testuserotp4315,testuserotp4315,2000-01-01,11747,4137138395,Eurofins@2020,2
,testuserotp4316@dispostable.com,testuserotp4316,testuserotp4316,2000-01-01,11747,5854153156,Eurofins@2020,2
,testuserotp4317@dispostable.com,testuserotp4317,testuserotp4317,2000-01-01,11747,2276178197,Eurofins@2020,2
,testuserotp4318@dispostable.com,testuserotp4318,testuserotp4318,2000-01-01,11747,5339094066,Eurofins@2020,2
,testuserotp4319@dispostable.com,testuserotp4319,testuserotp4319,2000-01-01,11747,4590460652,Eurofins@2020,2
,testuserotp4320@dispostable.com,testuserotp4320,testuserotp4320,2000-01-01,11747,6930690462,Eurofins@2020,2
,testuserotp4321@dispostable.com,testuserotp4321,testuserotp4321,2000-01-01,11747,3700658776,Eurofins@2020,2
,testuserotp4322@dispostable.com,testuserotp4322,testuserotp4322,2000-01-01,11747,2983350833,Eurofins@2020,2
,testuserotp4323@dispostable.com,testuserotp4323,testuserotp4323,2000-01-01,11747,9379134471,Eurofins@2020,2
,testuserotp4324@dispostable.com,testuserotp4324,testuserotp4324,2000-01-01,11747,7627959024,Eurofins@2020,2
,testuserotp4325@dispostable.com,testuserotp4325,testuserotp4325,2000-01-01,11747,2881896765,Eurofins@2020,2
,testuserotp4326@dispostable.com,testuserotp4326,testuserotp4326,2000-01-01,11747,9309005873,Eurofins@2020,2
,testuserotp4327@dispostable.com,testuserotp4327,testuserotp4327,2000-01-01,11747,7780119527,Eurofins@2020,2
,testuserotp4328@dispostable.com,testuserotp4328,testuserotp4328,2000-01-01,11747,7699118213,Eurofins@2020,2
,testuserotp4329@dispostable.com,testuserotp4329,testuserotp4329,2000-01-01,11747,2981781149,Eurofins@2020,2
,testuserotp4330@dispostable.com,testuserotp4330,testuserotp4330,2000-01-01,11747,2259889007,Eurofins@2020,2
,testuserotp4331@dispostable.com,testuserotp4331,testuserotp4331,2000-01-01,11747,9555672644,Eurofins@2020,2
,testuserotp4332@dispostable.com,testuserotp4332,testuserotp4332,2000-01-01,11747,8239290648,Eurofins@2020,2
,testuserotp4333@dispostable.com,testuserotp4333,testuserotp4333,2000-01-01,11747,2406848959,Eurofins@2020,2
,testuserotp4334@dispostable.com,testuserotp4334,testuserotp4334,2000-01-01,11747,4511698087,Eurofins@2020,2
,testuserotp4335@dispostable.com,testuserotp4335,testuserotp4335,2000-01-01,11747,5140407735,Eurofins@2020,2
,testuserotp4336@dispostable.com,testuserotp4336,testuserotp4336,2000-01-01,11747,8438762527,Eurofins@2020,2
,testuserotp4337@dispostable.com,testuserotp4337,testuserotp4337,2000-01-01,11747,3182518559,Eurofins@2020,2
,testuserotp4338@dispostable.com,testuserotp4338,testuserotp4338,2000-01-01,11747,5810582735,Eurofins@2020,2
,testuserotp4339@dispostable.com,testuserotp4339,testuserotp4339,2000-01-01,11747,4305895626,Eurofins@2020,2
,testuserotp4340@dispostable.com,testuserotp4340,testuserotp4340,2000-01-01,11747,5847580371,Eurofins@2020,2
,testuserotp4341@dispostable.com,testuserotp4341,testuserotp4341,2000-01-01,11747,8894920868,Eurofins@2020,2
,testuserotp4342@dispostable.com,testuserotp4342,testuserotp4342,2000-01-01,11747,6492159441,Eurofins@2020,2
,testuserotp4343@dispostable.com,testuserotp4343,testuserotp4343,2000-01-01,11747,6714684349,Eurofins@2020,2
,testuserotp4344@dispostable.com,testuserotp4344,testuserotp4344,2000-01-01,11747,3471619324,Eurofins@2020,2
,testuserotp4345@dispostable.com,testuserotp4345,testuserotp4345,2000-01-01,11747,2722985911,Eurofins@2020,2
,testuserotp4346@dispostable.com,testuserotp4346,testuserotp4346,2000-01-01,11747,3584417724,Eurofins@2020,2
,testuserotp4347@dispostable.com,testuserotp4347,testuserotp4347,2000-01-01,11747,2427673888,Eurofins@2020,2
,testuserotp4348@dispostable.com,testuserotp4348,testuserotp4348,2000-01-01,11747,5262864298,Eurofins@2020,2
,testuserotp4349@dispostable.com,testuserotp4349,testuserotp4349,2000-01-01,11747,7294571179,Eurofins@2020,2
,testuserotp4350@dispostable.com,testuserotp4350,testuserotp4350,2000-01-01,11747,8362836044,Eurofins@2020,2
,testuserotp4351@dispostable.com,testuserotp4351,testuserotp4351,2000-01-01,11747,7221784065,Eurofins@2020,2
,testuserotp4352@dispostable.com,testuserotp4352,testuserotp4352,2000-01-01,11747,5705989299,Eurofins@2020,2
,testuserotp4353@dispostable.com,testuserotp4353,testuserotp4353,2000-01-01,11747,2666921244,Eurofins@2020,2
,testuserotp4354@dispostable.com,testuserotp4354,testuserotp4354,2000-01-01,11747,6368802259,Eurofins@2020,2
,testuserotp4355@dispostable.com,testuserotp4355,testuserotp4355,2000-01-01,11747,5899966578,Eurofins@2020,2
,testuserotp4356@dispostable.com,testuserotp4356,testuserotp4356,2000-01-01,11747,5397763261,Eurofins@2020,2
,testuserotp4357@dispostable.com,testuserotp4357,testuserotp4357,2000-01-01,11747,3154698236,Eurofins@2020,2
,testuserotp4358@dispostable.com,testuserotp4358,testuserotp4358,2000-01-01,11747,7712103958,Eurofins@2020,2
,testuserotp4359@dispostable.com,testuserotp4359,testuserotp4359,2000-01-01,11747,8952862756,Eurofins@2020,2
,testuserotp4360@dispostable.com,testuserotp4360,testuserotp4360,2000-01-01,11747,4246691591,Eurofins@2020,2
,testuserotp4361@dispostable.com,testuserotp4361,testuserotp4361,2000-01-01,11747,4136965081,Eurofins@2020,2
,testuserotp4362@dispostable.com,testuserotp4362,testuserotp4362,2000-01-01,11747,2508491241,Eurofins@2020,2
,testuserotp4363@dispostable.com,testuserotp4363,testuserotp4363,2000-01-01,11747,4121450791,Eurofins@2020,2
,testuserotp4364@dispostable.com,testuserotp4364,testuserotp4364,2000-01-01,11747,6809682116,Eurofins@2020,2
,testuserotp4365@dispostable.com,testuserotp4365,testuserotp4365,2000-01-01,11747,9273582173,Eurofins@2020,2
,testuserotp4366@dispostable.com,testuserotp4366,testuserotp4366,2000-01-01,11747,2234601481,Eurofins@2020,2
,testuserotp4367@dispostable.com,testuserotp4367,testuserotp4367,2000-01-01,11747,2300088504,Eurofins@2020,2
,testuserotp4368@dispostable.com,testuserotp4368,testuserotp4368,2000-01-01,11747,5786806652,Eurofins@2020,2
,testuserotp4369@dispostable.com,testuserotp4369,testuserotp4369,2000-01-01,11747,4297811399,Eurofins@2020,2
,testuserotp4370@dispostable.com,testuserotp4370,testuserotp4370,2000-01-01,11747,8507273847,Eurofins@2020,2
,testuserotp4371@dispostable.com,testuserotp4371,testuserotp4371,2000-01-01,11747,9572760871,Eurofins@2020,2
,testuserotp4372@dispostable.com,testuserotp4372,testuserotp4372,2000-01-01,11747,2766502343,Eurofins@2020,2
